_id,amount,method,status,type,student,createdAt,__v,flouciPaymentId,description
6632723181cd8b3910f22a1e,10,flouci,failed,credit,65f220738e6f1006c0fe959b,2024-05-01T16:47:45.540Z,0,JUUgaD8xQJqe22Cv0N18Jg,
66327c7778097f6ab9a2eab2,10,flouci,failed,credit,65f220738e6f1006c0fe959b,2024-05-01T17:31:35.255Z,0,o4Qes1ZUQ8yr9tcOERHEiw,
6632ab105910989f55802701,200,flouci,failed,credit,65f220738e6f1006c0fe959b,2024-05-01T20:50:24.621Z,0,PN2sdi1fSluS4PqqVnryRQ,
6632ac377d059131f3006535,200,flouci,failed,credit,65f220738e6f1006c0fe959b,2024-05-01T20:55:19.469Z,0,pL5fW32NS5eoYLcD1W3VGQ,
6632ac6e7d059131f30065bc,200,flouci,failed,credit,65f220738e6f1006c0fe959b,2024-05-01T20:56:14.555Z,0,z_DWFXkuRmC28FS6_QkhoQ,
6632ac8e5f89f660e0b7c481,200,flouci,failed,credit,65f220738e6f1006c0fe959b,2024-05-01T20:56:46.624Z,0,QlTrHg9tRaKATozvxYd8Jg,
6632b0577e0a440df78f6be7,200,flouci,failed,credit,65f220738e6f1006c0fe959b,2024-05-01T21:12:55.723Z,0,mwmjhVTzRR23ZawfUZS-sA,
6632b08b4499b4dbee6cedad,200,flouci,verified,credit,65f220738e6f1006c0fe959b,2024-05-01T21:13:47.092Z,0,9DYXxQAdTQ-2DmUn4gYlHw,
6632b11e4499b4dbee6cee3f,500,flouci,verified,credit,65f220738e6f1006c0fe959b,2024-05-01T21:16:14.904Z,0,yv8qIX-YRfu2tULfyaN5UQ,
6632b1b14499b4dbee6cee95,10,flouci,verified,credit,65f220738e6f1006c0fe959b,2024-05-01T21:18:41.272Z,0,RsCOf8OaQj2-Cbs1XJ8jNg,
6632b2644499b4dbee6cef5b,400,flouci,verified,credit,65f220738e6f1006c0fe959b,2024-05-01T21:21:40.031Z,0,u0CoGo15Q5CuZb2xlGsbMw,
6632b2814499b4dbee6cefb1,90,flouci,verified,credit,65f220738e6f1006c0fe959b,2024-05-01T21:22:09.727Z,0,LA-7RqhnT8uf7CCAasmlZA,
6632b356450c8638acc8a665,10,cash,verified,credit,65f220738e6f1006c0fe959b,2024-05-01T21:25:42.611Z,0,,
6633d66b88da84b410d0a1a5,810,flouci,verified,credit,66283d2a7947be265889b808,2024-05-02T18:07:39.905Z,0,mnWAd3gcTfqWiI7BlpV5Eg,
